/*
Navicat MySQL Data Transfer

Source Server         : localhost_3306
Source Server Version : 80012
Source Host           : localhost:3306
Source Database       : web_video

Target Server Type    : MYSQL
Target Server Version : 80012
File Encoding         : 65001

Date: 2018-09-19 18:02:21
*/

SET FOREIGN_KEY_CHECKS=0;

-- ----------------------------
-- Table structure for module
-- ----------------------------
DROP TABLE IF EXISTS `module`;
CREATE TABLE `module` (
  `mid` int(11) NOT NULL AUTO_INCREMENT,
  `mname` varchar(255) CHARACTER SET utf8 COLLATE utf8_general_ci DEFAULT NULL,
  PRIMARY KEY (`mid`) USING BTREE
) ENGINE=InnoDB AUTO_INCREMENT=5 DEFAULT CHARSET=utf8 ROW_FORMAT=COMPACT;

-- ----------------------------
-- Records of module
-- ----------------------------
INSERT INTO `module` VALUES ('1', 'add');
INSERT INTO `module` VALUES ('2', 'delete');
INSERT INTO `module` VALUES ('3', 'query');
INSERT INTO `module` VALUES ('4', 'update');

-- ----------------------------
-- Table structure for module_role
-- ----------------------------
DROP TABLE IF EXISTS `module_role`;
CREATE TABLE `module_role` (
  `rid` int(11) DEFAULT NULL,
  `mid` int(11) DEFAULT NULL,
  KEY `rid` (`rid`) USING BTREE,
  KEY `mid` (`mid`) USING BTREE,
  CONSTRAINT `mid` FOREIGN KEY (`mid`) REFERENCES `module` (`mid`),
  CONSTRAINT `rid` FOREIGN KEY (`rid`) REFERENCES `role` (`rid`)
) ENGINE=InnoDB DEFAULT CHARSET=utf8 ROW_FORMAT=COMPACT;

-- ----------------------------
-- Records of module_role
-- ----------------------------
INSERT INTO `module_role` VALUES ('1', '1');
INSERT INTO `module_role` VALUES ('1', '2');
INSERT INTO `module_role` VALUES ('1', '3');
INSERT INTO `module_role` VALUES ('1', '4');
INSERT INTO `module_role` VALUES ('2', '1');
INSERT INTO `module_role` VALUES ('2', '3');

-- ----------------------------
-- Table structure for role
-- ----------------------------
DROP TABLE IF EXISTS `role`;
CREATE TABLE `role` (
  `rid` int(11) NOT NULL AUTO_INCREMENT,
  `rname` varchar(255) CHARACTER SET utf8 COLLATE utf8_general_ci DEFAULT NULL,
  PRIMARY KEY (`rid`) USING BTREE
) ENGINE=InnoDB AUTO_INCREMENT=4 DEFAULT CHARSET=utf8 ROW_FORMAT=COMPACT;

-- ----------------------------
-- Records of role
-- ----------------------------
INSERT INTO `role` VALUES ('1', 'admin');
INSERT INTO `role` VALUES ('2', 'customer');
INSERT INTO `role` VALUES ('3', null);

-- ----------------------------
-- Table structure for user
-- ----------------------------
DROP TABLE IF EXISTS `user`;
CREATE TABLE `user` (
  `uid` int(11) NOT NULL AUTO_INCREMENT,
  `username` varchar(255) CHARACTER SET utf8 COLLATE utf8_general_ci DEFAULT NULL,
  `password` varchar(255) CHARACTER SET utf8 COLLATE utf8_general_ci DEFAULT NULL,
  PRIMARY KEY (`uid`) USING BTREE
) ENGINE=InnoDB AUTO_INCREMENT=4 DEFAULT CHARSET=utf8 ROW_FORMAT=COMPACT;

-- ----------------------------
-- Records of user
-- ----------------------------
INSERT INTO `user` VALUES ('1', 'hlhdidi', '123');
INSERT INTO `user` VALUES ('2', 'xyycici', '1992');
INSERT INTO `user` VALUES ('3', 'sujin', '123');

-- ----------------------------
-- Table structure for user_role
-- ----------------------------
DROP TABLE IF EXISTS `user_role`;
CREATE TABLE `user_role` (
  `uid` int(11) DEFAULT NULL,
  `rid` int(11) DEFAULT NULL,
  KEY `u_fk` (`uid`) USING BTREE,
  KEY `r_fk` (`rid`) USING BTREE,
  CONSTRAINT `r_fk` FOREIGN KEY (`rid`) REFERENCES `role` (`rid`),
  CONSTRAINT `u_fk` FOREIGN KEY (`uid`) REFERENCES `user` (`uid`)
) ENGINE=InnoDB DEFAULT CHARSET=utf8 ROW_FORMAT=COMPACT;

-- ----------------------------
-- Records of user_role
-- ----------------------------
INSERT INTO `user_role` VALUES ('1', '1');
INSERT INTO `user_role` VALUES ('2', '2');
INSERT INTO `user_role` VALUES ('3', '3');
